form,seq,domain,lethality_tier,concept,item_id,difficulty,stem,correct_choice,distractors
A,1,emergencies,1,Two failure modes,em-01,easy,"What are the two failure modes behind almost every tracheostomy emergency?","Obstruction and displacement","Infection and bleeding | Cuff rupture and stoma infection | Aspiration and pneumothorax"
A,2,emergencies,1,Removal sequence rationale,em-16,medium,"Why is the inner cannula removed before a suction catheter is passed, rather than suctioning through it?","Removing it often clears the plug instantly and confirms true patency","It reduces the risk of infection | It is required before any oxygen can be given | It lets the cuff be deflated safely"
A,3,emergencies,1,Catheter/ventilation interpretation,em-07,easy,"If a suction catheter passes freely well beyond the tip of the tracheostomy tube, what has this confirmed?","The tube is patent","The patient no longer needs oxygen | The cuff is properly inflated | The tract is mature"
A,4,emergencies,1,Fresh trach — false-passage risk,em-22,medium,"A nurse pushes a popped-out fresh trach back in and it slides in with no resistance at all — does this prove correct placement?","No — a false passage can accept the tube just as easily","Yes, resistance-free insertion always means correct placement | Yes, but only in patients over 65 | No, but only if the patient is coughing"
A,5,emergencies,1,False passage: danger & recognition,em-29,hard,"Beyond simply 'not working,' why is forcing a dislodged fresh trach back into a false passage actively dangerous rather than just ineffective?","It can cause surgical emphysema and gives false reassurance that delays the real fix","It always causes immediate cardiac arrest | It permanently destroys the tracheostomy stoma | It has no additional danger beyond simple obstruction"
A,6,emergencies,1,Laryngectomy O2 route / Red algorithm,em-20,medium,"Why does the NTSP Red algorithm never direct initial oxygenation effort at the face, not even briefly, for a laryngectomy patient?","It delivers no oxygen and wastes critical time","It can trigger a vasovagal response | It dries out the laryngectomy stoma | It is only skipped in pediatric laryngectomy patients"
A,7,emergencies,1,Displacement lethality / capnography,em-39,hard,"Why does a delayed recognition of displacement tend to be more immediately lethal, minute-for-minute, than a delayed recognition of obstruction?","Displacement can cause abrupt total loss of ventilation with little warning, unlike gradual obstruction","Obstruction is always more lethal than displacement | Displacement only occurs in patients already on a ventilator | Both carry identical time pressure in every case"
A,8,valves,1,Speaking valve prerequisite: cuff down,va-03,easy,"Before placing a speaking valve on a tracheostomy patient, what is the one absolute prerequisite regarding the cuff?","Cuff fully deflated","Cuff inflated to 20 cmH2O | Cuff partially deflated | Cuff status doesn't matter for valve use"
A,9,valves,1,Valve-over-inflated-cuff physiology,va-06,hard,"Walk through the exact physiological sequence that makes a speaking valve dangerous if the cuff is left inflated.","Air keeps entering but cannot exit, causing breath stacking","The cuff pops and the tube falls out | The valve fails to open on inhalation | Oxygen delivery through the valve is blocked"
A,10,valves,1,Valve contraindicated post-laryngectomy,va-07,easy,"True or false: a standard tracheostomy speaking valve can be used on a total laryngectomy patient.","False — there is no upper airway exit for exhaled air","True — it works the same as in a tracheostomy patient | True — but only if the cuff is inflated | False — but only because it isn't tolerated well"
A,11,valves,1,Cuff pressure: measure, do not habituate,va-22,hard,"Why is it unsafe to inflate a tracheostomy cuff to 'the usual 5 mL' by habit, without checking pressure?","Volume-to-pressure varies by tube and trachea, so a fixed volume is unreliable","5 mL is always too little for any adult trachea | Syringe inflation cannot reach therapeutic pressure | Cuffs lose air only through the pilot balloon, not the trachea"
A,12,valves,1,Suction-induced bradycardia/hypoxia,va-34,medium,"A patient's heart rate drops sharply while the suction catheter is still in the airway. What do you do immediately?","Stop suctioning and withdraw the catheter immediately","Continue suctioning to finish clearing secretions faster | Increase suction pressure to clear secretions quicker | Reposition the patient before withdrawing the catheter"
A,13,basics,1,Partial vs total neck breather,ba-01,easy,"What does it mean to call a tracheostomy patient a ""partial neck breather""?","Upper airway still connects to the lungs","Upper airway is permanently sealed off | They breathe only through the mouth | They have no tracheostomy tube in place"
A,14,basics,1,Desaturation O2 route,ba-03,easy,"A tracheostomy (partial neck breather) patient desaturates. Which route(s) can you use to give oxygen?","Face and stoma, either or both","Stoma only, never the face | Face only, never the stoma | Neither — bag immediately instead"
A,15,basics,1,Unsure trach vs laryngectomy — safest act,ba-06,easy,"You are unsure whether a crashing neck-airway patient is a tracheostomy or a laryngectomy. What is the single safest immediate action for oxygen delivery?","Apply oxygen to both the face and the stoma","Apply oxygen to the face only until confirmed | Apply oxygen to the stoma only until confirmed | Withhold oxygen until the chart is checked"
A,16,basics,1,Laryngectomy ventilation anatomy,ba-17,medium,"In one anatomical sentence, why does oxygen applied to the face do nothing for a total laryngectomy patient?","No anatomical path from mouth/nose to the lungs exists","The oxygen concentration is too low at the face | Laryngectomy patients cannot tolerate nasal cannulas | Their lungs no longer require external oxygen"
A,17,complications,2,Expanding neck hematoma → airway,co-04,medium,"An expanding neck hematoma is threatening the airway. Name the three things the bedside RN should be doing at once.","Call for help, bring airway cart, prep bedside wound opening","Call for help, order a CT, and wait | Reassure the patient and recheck vitals in 30 minutes | Apply ice and elevate the head of bed only"
A,18,complications,2,Tracheo-innominate fistula: temporize,co-21,easy,"You notice a tracheostomy tube pulsating with the heartbeat. What must you suspect?","Tracheo-innominate artery fistula","Normal tube movement with breathing | A sign the cuff needs more air | A sign of tube displacement only"
A,19,complications,2,Sentinel bleed / carotid blowout,co-19,hard,"Why does a sentinel bleed in a radiated, previously operated neck raise concern specifically for carotid blowout?","Radiation-damaged vessel wall is starting to fail","Sentinel bleeds are unrelated to vessel integrity | It indicates a new, unrelated wound infection | It only matters if the patient is anticoagulated"
A,20,complications,2,Free-flap venous vs arterial,co-06,easy,"On free flap checks, a dusky, blue, congested appearance points to which type of vascular compromise?","Venous compromise","Arterial compromise | Normal healing flap | Lymphedema"
A,21,complications,2,Subcutaneous emphysema red flag,co-33,easy,"You palpate crackling under the skin around a fresh tracheostomy site. What is this finding called?","Subcutaneous emphysema","Normal post-op swelling | Wound infection | An expected finding requiring no action"
A,22,daily,3,Humidification / mucus-plug prevention,da-04,easy,"What is one of the earliest bedside signs that a trach patient's secretions are becoming dangerously thick?","Secretions become thick, tenacious, or crusty","Secretions become thinner and more watery | The patient's voice suddenly improves | The stoma dressing stays perfectly dry"
A,23,daily,3,Silent deterioration / scheduled checks,da-19,hard,"Beyond routine hygiene, what specific airway risk does a scheduled inner cannula check catch that waiting for symptoms would miss?","It catches partial occlusion before it becomes a full obstruction","It confirms the outer cannula size is still correct | It verifies the patient's swallow function | It checks whether the cuff pressure is in range"
A,24,daily,3,Silent aspiration / swallow safety,da-33,hard,"Why can a trach patient aspirate SILENTLY even with the cuff inflated, with no coughing or choking to alert the nurse?","The trach blunts laryngeal sensation and the protective cough reflex","The cuff physically blocks all aspirated material from being felt | Silent aspiration is a myth in tracheostomy patients | It only happens when the cuff is fully deflated"
A,25,daily,3,Bedside emergency preparedness,da-39,hard,"A trach patient is being sent to CT for a 20-minute scan. Why must the full bedside emergency kit go with them, not just a portable oxygen tank?","Airway emergencies can happen in transit, where bedside equipment can't reach","CT scanners already contain trach emergency equipment | It is only required for laryngectomy patients, not trach patients | Portable oxygen alone fully covers any airway emergency"
B,1,emergencies,1,Two failure modes,em-02,easy,"Which of the two failure modes — obstruction or displacement — is the more common cause of tracheostomy emergencies on a general floor?","Obstruction (mucus plug)","Displacement | They are exactly equal in frequency | Neither — infection is most common"
B,2,emergencies,1,Removal sequence rationale,em-15,medium,"Why must the speaking valve or cap come off BEFORE anything else in a distressed trach patient, rather than going straight to suctioning?","A one-way valve traps air in if the patient can't exhale","It makes suctioning more comfortable | It has to be cleaned between uses | It interferes with the pulse oximeter"
B,3,emergencies,1,Catheter/ventilation interpretation,em-18,medium,"You've removed the valve and inner cannula and passed a catheter with no obstruction found, but the chest still doesn't move with bagging via the tube. What should you now suspect?","Displacement or a false passage","A simple mucus plug further down | Cuff over-inflation | Normal post-suction coughing"
B,4,emergencies,1,Fresh trach — false-passage risk,em-13,easy,"Can a dislodged fresh (under 5–7 day old) tracheostomy tube be safely pushed back in blindly at the bedside?","No, never attempt blind reinsertion","Yes, if done within one minute | Yes, if the patient is calm | Only if the RN has done it before"
B,5,emergencies,1,False passage: danger & recognition,em-30,hard,"During bag-valve ventilation through a suspected malpositioned tube, what physical exam finding on the neck should immediately raise suspicion for a false passage?","Crepitus / subcutaneous emphysema around the neck","Bilateral wheeze on auscultation | Jugular venous distension only | Warm, dry skin at the stoma"
B,6,emergencies,1,Laryngectomy O2 route / Red algorithm,em-38,hard,"A 'tubed' laryngectomy patient's small stoma tube falls out. Is the rescue response the same as for a displaced tracheostomy — occlude the stoma and ventilate at the face?","No — ventilate directly at the stoma; face ventilation is useless","Yes — the response is identical for both populations | Yes, but only if the patient is hemodynamically stable | No — laryngectomy patients cannot be bag-mask ventilated at all"
B,7,emergencies,1,Displacement lethality / capnography,em-31,hard,"How do suction catheter behavior and capnography together help you tell obstruction from displacement when the presentation looks similar?","Catheter resistance suggests obstruction; a missing CO2 waveform despite bagging suggests displacement","Catheter resistance always means displacement | Capnography cannot distinguish the two situations | A waveform confirms obstruction, not displacement"
B,8,valves,1,Speaking valve prerequisite: cuff down,va-04,medium,"A patient's cuff was confirmed deflated for a valve trial this morning. That afternoon a different nurse wants to reapply the same valve. What must happen first?","Reconfirm cuff deflation right before this application","Trust the morning documentation | Ask the patient if they feel short of breath first | Only recheck if the patient looks distressed"
B,9,valves,1,Valve-over-inflated-cuff physiology,va-05,hard,"The cuff syringe shows only 2 mL still in the pilot balloon — 'basically down.' Is it safe to place the speaking valve?","No — it must be fully deflated, not partially","Yes — a few mL of residual air is negligible | Yes, as long as pressure reads under 20 cmH2O | It only matters if the patient reports discomfort"
B,10,valves,1,Valve contraindicated post-laryngectomy,va-08,hard,"Anatomically, why exactly does a one-way speaking valve have no safe exit for exhaled air after a total laryngectomy?","The trachea is a blind-ending stoma with no route to the upper airway","The vocal cords are removed but the trachea still connects to the pharynx | The cuff cannot be deflated after laryngectomy | The stoma is too small for exhaled air to pass"
B,11,valves,1,Cuff pressure: measure, do not habituate,va-17,easy,"What device should be used to accurately measure and set tracheostomy cuff pressure?","A cuff pressure manometer","A pulse oximeter | A 10 mL syringe alone | A stethoscope over the trachea"
B,12,valves,1,Suction-induced bradycardia/hypoxia,va-33,hard,"Explain the mechanism by which suctioning can cause sudden bradycardia.","Catheter stimulation of vagal nerve endings triggers a reflex slowdown","Suction pressure directly compresses the carotid artery | Hypoxia alone always causes bradycardia within seconds | The cuff pushes on the vagus nerve during suctioning"
B,13,basics,1,Partial vs total neck breather,ba-02,easy,"What does it mean to call a total laryngectomy patient a ""total neck breather""?","100% of breathing occurs through the stoma","They still breathe partly through the nose | Their trach tube can be removed at will | Their mouth is their main airway"
B,14,basics,1,Desaturation O2 route,ba-04,easy,"A total laryngectomy patient desaturates. Which route MUST you use to deliver oxygen?","Stoma only","Face mask only | Nasal cannula only | Either face or stoma"
B,15,basics,1,Unsure trach vs laryngectomy — safest act,ba-05,easy,"Before touching any neck-airway patient, what is the single question you must answer first?","Is this patient a tracheostomy or a laryngectomy?","What size is the trach tube? | When was the tube last changed? | Is the cuff currently inflated?"
B,16,basics,1,Laryngectomy ventilation anatomy,ba-18,medium,"During resuscitation of a laryngectomy patient, where do you seal the bag-mask to ventilate them?","Over the stoma","Over the mouth and nose | Over the mouth only, nose occluded | Split — half the breaths to each route"
B,17,complications,2,Expanding neck hematoma → airway,co-01,easy,"A post-op neck patient feels their neck getting tight and their voice change. What complication must you suspect immediately?","Expanding neck hematoma","Normal post-op swelling | Anxiety attack | Allergic reaction"
B,18,complications,2,Tracheo-innominate fistula: temporize,co-24,medium,"A tracheo-innominate fistula is suspected and actively bleeding. What is the FIRST temporizing maneuver at the bedside?","Hyperinflate the tracheostomy cuff","Deflate the cuff to relieve pressure | Remove the tube entirely and pack the stoma | Give antifibrinolytic medication IV first"
B,19,complications,2,Sentinel bleed / carotid blowout,co-17,easy,"In a radiated neck, a small wound bleed stops on its own. Is this reassuring?","No — it is a sentinel bleed warning sign","Yes — stopped bleeding means it resolved | Only concerning if it happens twice | Only concerning if the patient is hypotensive"
B,20,complications,2,Free-flap venous vs arterial,co-07,easy,"On free flap checks, a pale, cool flap with no Doppler signal points to which type of vascular compromise?","Arterial compromise","Venous compromise | Expected flap edema | Dehydration"
B,21,complications,2,Subcutaneous emphysema red flag,co-34,medium,"Why is new or worsening subcutaneous emphysema after a tracheostomy a red flag rather than a benign finding?","It can signal tracheal injury or an accompanying pneumothorax","It always resolves spontaneously and needs no monitoring | It only ever indicates cuff over-inflation | It confirms tube displacement into the esophagus"
B,22,daily,3,Humidification / mucus-plug prevention,da-07,hard,"A trach patient on a passive HME has secretions that are already thick and increasingly hard to clear despite the HME being in place. What is the correct next humidification step, and why?","Switch to active heated humidification — the HME can't add extra moisture","Increase suction frequency and leave the HME in place | Add a second HME in series for double filtration | Switch to a smaller inner cannula to widen the lumen"
B,23,daily,3,Silent deterioration / scheduled checks,da-08,hard,"Why can pulse oximetry stay reassuringly normal even as a mucus plug is silently developing overnight?","SpO2 only drops once narrowing is severe, lagging behind the true process","SpO2 always falls immediately with any secretion buildup | Pulse oximeters cannot function on trach patients | SpO2 rises falsely high when secretions thicken"
B,24,daily,3,Silent aspiration / swallow safety,da-34,hard,"Why must a new trach patient have a formal swallow evaluation before starting an oral diet, rather than a nurse simply judging by cuff status alone?","Because aspiration can be silent and needs formal mechanical assessment","Because diet orders legally require a dietitian consult only | Because cuff status alone always predicts swallow safety | Because trach patients are never allowed oral intake"
B,25,daily,3,Bedside emergency preparedness,da-10,easy,"What two spare tracheostomy tubes must be kept at every trach patient's bedside?","Same size AND one size smaller","Same size and one size larger | Only the same size, doubled up | Any size, as long as one is present"
